{"success": true, "data": {"lines": [[1567355880000, 3518.0, 3518.0, 3518.0, 3518.0, 0], [1567355940000, 3518.0, 3518.0, 3518.0, 3518.0, 0], [1567356000000, 3518.0, 3518.0, 3518.0, 3518.0, 0], [1567386180000, 3518.0, 3518.0, 3518.0, 3518.0, 0], [1567386240000, 3518.0, 3518.0, 3518.0, 3518.0, 0], [1567386420000, 3518.0, 3518.0, 3518.0, 3518.0, 20], [1567386480000, 3520.0, 3520.0, 3520.0, 3520.0, 60], [1567386540000, 3520.0, 3520.0, 3520.0, 3520.0, 0], [1567386780000, 3520.0, 3520.0, 3520.0, 3520.0, 0], [1567386840000, 3520.0, 3520.0, 3520.0, 3520.0, 0], [1567386900000, 3520.0, 3520.0, 3520.0, 3520.0, 0], [1567387380000, 3520.0, 3520.0, 3520.0, 3520.0, 0], [1567387440000, 3520.0, 3520.0, 3520.0, 3520.0, 0], [1567566780000, 3483.0, 3483.0, 3483.0, 3483.0, 0], [1567566840000, 3483.0, 3483.0, 3483.0, 3483.0, 0], [1567566900000, 3483.0, 3483.0, 3483.0, 3483.0, 0], [1567566960000, 3483.0, 3483.0, 3483.0, 3483.0, 0], [1567567200000, 3483.0, 3483.0, 3483.0, 3483.0, 0], [1567567260000, 3483.0, 3483.0, 3483.0, 3483.0, 0], [1567567320000, 3483.0, 3483.0, 3483.0, 3483.0, 0], [1567567380000, 3483.0, 3483.0, 3483.0, 3483.0, 0], [1567567440000, 3483.0, 3483.0, 3483.0, 3483.0, 0], [1567567500000, 3483.0, 3483.0, 3483.0, 3483.0, 0], [1567567560000, 3483.0, 3483.0, 3483.0, 3483.0, 0], [1567567620000, 3483.0, 3483.0, 3483.0, 3483.0, 0], [1567567680000, 3483.0, 3483.0, 3483.0, 3483.0, 0]], "depths": {"asks": [[1.7976931348623157e+308, 0]], "bids": [[1.7976931348623157e+308, 0]]}}}