{"success": true, "data": {"lines": [[1567386300000, 3544.0, 3544.0, 3544.0, 3544.0, 0], [1567386360000, 3544.0, 3544.0, 3544.0, 3544.0, 0], [1567386420000, 3544.0, 3544.0, 3544.0, 3544.0, 0], [1567386480000, 3544.0, 3544.0, 3544.0, 3544.0, 0], [1567386600000, 3544.0, 3544.0, 3544.0, 3544.0, 0], [1567386660000, 3544.0, 3544.0, 3544.0, 3544.0, 0], [1567386780000, 3544.0, 3544.0, 3544.0, 3544.0, 0], [1567386840000, 3544.0, 3544.0, 3544.0, 3544.0, 0], [1567386900000, 3544.0, 3544.0, 3544.0, 3544.0, 0], [1567387140000, 3544.0, 3544.0, 3544.0, 3544.0, 0], [1567387380000, 3544.0, 3544.0, 3544.0, 3544.0, 0], [1567420920000, 3589.0, 3589.0, 3589.0, 3589.0, 0], [1567506420000, 3589.0, 3589.0, 3589.0, 3589.0, 0], [1567506780000, 3589.0, 3589.0, 3589.0, 3589.0, 0], [1567506840000, 3589.0, 3589.0, 3589.0, 3589.0, 0], [1567506900000, 3589.0, 3589.0, 3589.0, 3589.0, 0], [1567507020000, 3589.0, 3589.0, 3589.0, 3589.0, 0], [1567507140000, 3589.0, 3589.0, 3589.0, 3589.0, 0]], "depths": {"asks": [[1.7976931348623157e+308, 0]], "bids": [[1.7976931348623157e+308, 0]]}}}